name,url,description,duration,remote_testing,adaptive_irt,test_type_letters
Global Skills Development Report,https://www.shl.com/products/product-catalog/view/global-skills-development-report/,,,True,False,"['A', 'E', 'B', 'C', 'D', 'P']"
.NET Framework 4.5,https://www.shl.com/products/product-catalog/view/net-framework-4-5/,,,True,True,['K']
.NET MVC (New),https://www.shl.com/products/product-catalog/view/net-mvc-new/,,,True,False,['K']
.NET MVVM (New),https://www.shl.com/products/product-catalog/view/net-mvvm-new/,,,True,False,['K']
.NET WCF (New),https://www.shl.com/products/product-catalog/view/net-wcf-new/,,,True,False,['K']
.NET WPF (New),https://www.shl.com/products/product-catalog/view/net-wpf-new/,,,True,False,['K']
.NET XAML (New),https://www.shl.com/products/product-catalog/view/net-xaml-new/,,,True,False,['K']
Accounts Payable (New),https://www.shl.com/products/product-catalog/view/accounts-payable-new/,,,True,False,['K']
Accounts Payable Simulation (New),https://www.shl.com/products/product-catalog/view/accounts-payable-simulation-new/,,,True,False,['S']
Accounts Receivable (New),https://www.shl.com/products/product-catalog/view/accounts-receivable-new/,,,True,False,['K']
Accounts Receivable Simulation (New),https://www.shl.com/products/product-catalog/view/accounts-receivable-simulation-new/,,,True,False,['S']
ADO.NET (New),https://www.shl.com/products/product-catalog/view/ado-net-new/,,,True,False,['K']
Adobe Experience Manager (New),https://www.shl.com/products/product-catalog/view/adobe-experience-manager-new/,,,True,False,['K']
Adobe Photoshop CC,https://www.shl.com/products/product-catalog/view/adobe-photoshop-cc/,,,True,True,['K']
Aeronautical Engineering (New),https://www.shl.com/products/product-catalog/view/aeronautical-engineering-new/,,,True,False,['K']
Aerospace Engineering (New),https://www.shl.com/products/product-catalog/view/aerospace-engineering-new/,,,True,False,['K']
Agile Software Development,https://www.shl.com/products/product-catalog/view/agile-software-development/,,,True,False,['K']
Agile Testing (New),https://www.shl.com/products/product-catalog/view/agile-testing-new/,,,True,False,['K']
AI Skills,https://www.shl.com/products/product-catalog/view/ai-skills/,,,True,False,['P']
Amazon Web Services (AWS) Development (New),https://www.shl.com/products/product-catalog/view/amazon-web-services-aws-development-new/,,,True,False,['K']
Android Development (New),https://www.shl.com/products/product-catalog/view/android-development-new/,,,True,False,['K']
Angular 6 (New),https://www.shl.com/products/product-catalog/view/angular-6-new/,,,True,False,['K']
AngularJS (New),https://www.shl.com/products/product-catalog/view/angularjs-new/,,,True,False,['K']
Apache Hadoop (New),https://www.shl.com/products/product-catalog/view/apache-hadoop-new/,,,True,False,['K']
Apache Hadoop Extensions (New),https://www.shl.com/products/product-catalog/view/apache-hadoop-extensions-new/,,,True,False,['K']
Apache HBase (New),https://www.shl.com/products/product-catalog/view/apache-hbase-new/,,,True,False,['K']
Apache Hive (New),https://www.shl.com/products/product-catalog/view/apache-hive-new/,,,True,False,['K']
Apache Kafka (New),https://www.shl.com/products/product-catalog/view/apache-kafka-new/,,,True,False,['K']
Apache Pig (New),https://www.shl.com/products/product-catalog/view/apache-pig-new/,,,True,False,['K']
Apache Spark (New),https://www.shl.com/products/product-catalog/view/apache-spark-new/,,,True,False,['K']
ASP .NET with C# (New),https://www.shl.com/products/product-catalog/view/asp-net-with-c-new/,,,True,False,['K']
ASP.NET 4.5,https://www.shl.com/products/product-catalog/view/asp-net-4-5/,,,True,True,['K']
Assessment and Development Center Exercises,https://www.shl.com/products/product-catalog/view/assessment-and-development-center-exercises/,,,True,False,['E']
Automata - Fix (New),https://www.shl.com/products/product-catalog/view/automata-fix-new/,,,True,False,['S']
Automata - SQL (New),https://www.shl.com/products/product-catalog/view/automata-sql-new/,,,True,False,['S']
Automata (New),https://www.shl.com/products/product-catalog/view/automata-new/,,,True,False,['S']
Automata Data Science (New),https://www.shl.com/products/product-catalog/view/automata-data-science-new/,,,True,False,['S']
Automata Data Science Pro (New),https://www.shl.com/products/product-catalog/view/automata-data-science-pro-new/,,,True,False,['S']
Automata Front End,https://www.shl.com/products/product-catalog/view/automata-front-end/,,,True,False,['S']
Automata Pro (New),https://www.shl.com/products/product-catalog/view/automata-pro-new/,,,True,False,['S']
Automata Selenium,https://www.shl.com/products/product-catalog/view/automata-selenium/,,,True,False,['S']
Automation Anywhere RPA Development (New),https://www.shl.com/products/product-catalog/view/automation-anywhere-rpa-development-new/,,,True,False,['K']
Automotive Engineering (New),https://www.shl.com/products/product-catalog/view/automotive-engineering-new/,,,True,False,['K']
Basic Biology (New),https://www.shl.com/products/product-catalog/view/basic-biology-new/,,,True,False,['K']
Basic Computer Literacy (Windows 10) (New),https://www.shl.com/products/product-catalog/view/basic-computer-literacy-windows-10-new/,,,True,False,"['S', 'K']"
Basic Statistics (New),https://www.shl.com/products/product-catalog/view/basic-statistics-new/,,,True,False,['K']
Biochemistry (New),https://www.shl.com/products/product-catalog/view/biochemistry-new/,,,True,False,['K']
Biotech Lab Techniques (New),https://www.shl.com/products/product-catalog/view/biotech-lab-techniques-new/,,,True,False,['K']
Automata Data Science (New),https://www.shl.com/products/product-catalog/view/automata-data-science-new/,,,True,False,['S']
Automata Data Science Pro (New),https://www.shl.com/products/product-catalog/view/automata-data-science-pro-new/,,,True,False,['S']
Automata Front End,https://www.shl.com/products/product-catalog/view/automata-front-end/,,,True,False,['S']
Automata Pro (New),https://www.shl.com/products/product-catalog/view/automata-pro-new/,,,True,False,['S']
Automata Selenium,https://www.shl.com/products/product-catalog/view/automata-selenium/,,,True,False,['S']
Automation Anywhere RPA Development (New),https://www.shl.com/products/product-catalog/view/automation-anywhere-rpa-development-new/,,,True,False,['K']
Automotive Engineering (New),https://www.shl.com/products/product-catalog/view/automotive-engineering-new/,,,True,False,['K']
Basic Biology (New),https://www.shl.com/products/product-catalog/view/basic-biology-new/,,,True,False,['K']
Basic Computer Literacy (Windows 10) (New),https://www.shl.com/products/product-catalog/view/basic-computer-literacy-windows-10-new/,,,True,False,"['S', 'K']"
Basic Statistics (New),https://www.shl.com/products/product-catalog/view/basic-statistics-new/,,,True,False,['K']
Biochemistry (New),https://www.shl.com/products/product-catalog/view/biochemistry-new/,,,True,False,['K']
Biotech Lab Techniques (New),https://www.shl.com/products/product-catalog/view/biotech-lab-techniques-new/,,,True,False,['K']
Automata Data Science (New),https://www.shl.com/products/product-catalog/view/automata-data-science-new/,,,True,False,['S']
Automata Data Science Pro (New),https://www.shl.com/products/product-catalog/view/automata-data-science-pro-new/,,,True,False,['S']
Automata Front End,https://www.shl.com/products/product-catalog/view/automata-front-end/,,,True,False,['S']
Automata Pro (New),https://www.shl.com/products/product-catalog/view/automata-pro-new/,,,True,False,['S']
Automata Selenium,https://www.shl.com/products/product-catalog/view/automata-selenium/,,,True,False,['S']
Automation Anywhere RPA Development (New),https://www.shl.com/products/product-catalog/view/automation-anywhere-rpa-development-new/,,,True,False,['K']
Automotive Engineering (New),https://www.shl.com/products/product-catalog/view/automotive-engineering-new/,,,True,False,['K']
Basic Biology (New),https://www.shl.com/products/product-catalog/view/basic-biology-new/,,,True,False,['K']
Basic Computer Literacy (Windows 10) (New),https://www.shl.com/products/product-catalog/view/basic-computer-literacy-windows-10-new/,,,True,False,"['S', 'K']"
Basic Statistics (New),https://www.shl.com/products/product-catalog/view/basic-statistics-new/,,,True,False,['K']
Biochemistry (New),https://www.shl.com/products/product-catalog/view/biochemistry-new/,,,True,False,['K']
Biotech Lab Techniques (New),https://www.shl.com/products/product-catalog/view/biotech-lab-techniques-new/,,,True,False,['K']
Automata Data Science (New),https://www.shl.com/products/product-catalog/view/automata-data-science-new/,,,True,False,['S']
Automata Data Science Pro (New),https://www.shl.com/products/product-catalog/view/automata-data-science-pro-new/,,,True,False,['S']
Automata Front End,https://www.shl.com/products/product-catalog/view/automata-front-end/,,,True,False,['S']
Automata Pro (New),https://www.shl.com/products/product-catalog/view/automata-pro-new/,,,True,False,['S']
Automata Selenium,https://www.shl.com/products/product-catalog/view/automata-selenium/,,,True,False,['S']
Automation Anywhere RPA Development (New),https://www.shl.com/products/product-catalog/view/automation-anywhere-rpa-development-new/,,,True,False,['K']
Automotive Engineering (New),https://www.shl.com/products/product-catalog/view/automotive-engineering-new/,,,True,False,['K']
Basic Biology (New),https://www.shl.com/products/product-catalog/view/basic-biology-new/,,,True,False,['K']
Basic Computer Literacy (Windows 10) (New),https://www.shl.com/products/product-catalog/view/basic-computer-literacy-windows-10-new/,,,True,False,"['S', 'K']"
Basic Statistics (New),https://www.shl.com/products/product-catalog/view/basic-statistics-new/,,,True,False,['K']
Biochemistry (New),https://www.shl.com/products/product-catalog/view/biochemistry-new/,,,True,False,['K']
Biotech Lab Techniques (New),https://www.shl.com/products/product-catalog/view/biotech-lab-techniques-new/,,,True,False,['K']
Automata Data Science (New),https://www.shl.com/products/product-catalog/view/automata-data-science-new/,,,True,False,['S']
Automata Data Science Pro (New),https://www.shl.com/products/product-catalog/view/automata-data-science-pro-new/,,,True,False,['S']
Automata Front End,https://www.shl.com/products/product-catalog/view/automata-front-end/,,,True,False,['S']
Automata Pro (New),https://www.shl.com/products/product-catalog/view/automata-pro-new/,,,True,False,['S']
Automata Selenium,https://www.shl.com/products/product-catalog/view/automata-selenium/,,,True,False,['S']
Automation Anywhere RPA Development (New),https://www.shl.com/products/product-catalog/view/automation-anywhere-rpa-development-new/,,,True,False,['K']
Automotive Engineering (New),https://www.shl.com/products/product-catalog/view/automotive-engineering-new/,,,True,False,['K']
Basic Biology (New),https://www.shl.com/products/product-catalog/view/basic-biology-new/,,,True,False,['K']
Basic Computer Literacy (Windows 10) (New),https://www.shl.com/products/product-catalog/view/basic-computer-literacy-windows-10-new/,,,True,False,"['S', 'K']"
Basic Statistics (New),https://www.shl.com/products/product-catalog/view/basic-statistics-new/,,,True,False,['K']
Biochemistry (New),https://www.shl.com/products/product-catalog/view/biochemistry-new/,,,True,False,['K']
Biotech Lab Techniques (New),https://www.shl.com/products/product-catalog/view/biotech-lab-techniques-new/,,,True,False,['K']
Enterprise Java Beans (New),https://www.shl.com/products/product-catalog/view/enterprise-java-beans-new/,,,True,False,['K']
Enterprise Leadership Report 1.0,https://www.shl.com/products/product-catalog/view/enterprise-leadership-report/,,,True,False,['P']
Enterprise Leadership Report 2.0,https://www.shl.com/products/product-catalog/view/enterprise-leadership-report-2-0/,,,True,False,['P']
Entry Level Cashier Solution,https://www.shl.com/products/product-catalog/view/entry-level-cashier-solution/,,,True,False,"['C', 'P']"
Entry Level Customer Serv-Retail & Contact Center,https://www.shl.com/products/product-catalog/view/entry-level-customer-serv-retail-and-contact-center/,,,True,False,"['P', 'C']"
Entry Level Customer Service (General) Solution,https://www.shl.com/products/product-catalog/view/entry-level-customer-service-general-solution/,,,True,False,"['C', 'P']"
Entry Level Hotel Front Desk Solution,https://www.shl.com/products/product-catalog/view/entry-level-hotel-front-desk-solution/,,,True,False,"['C', 'P']"
Entry Level Sales Solution,https://www.shl.com/products/product-catalog/view/entry-level-sales-solution/,,,True,False,"['C', 'P']"
Entry Level Technical Support Solution,https://www.shl.com/products/product-catalog/view/entry-level-technical-support-solution/,,,True,False,"['P', 'C']"
ETL Testing (New),https://www.shl.com/products/product-catalog/view/etl-testing-new/,,,True,False,['K']
Executive Scenarios,https://www.shl.com/products/product-catalog/view/executive-scenarios/,,,True,False,['B']
Executive Scenarios Narrative Report,https://www.shl.com/products/product-catalog/view/executive-scenarios-narrative-report/,,,True,False,['B']
Enterprise Java Beans (New),https://www.shl.com/products/product-catalog/view/enterprise-java-beans-new/,,,True,False,['K']
Enterprise Leadership Report 1.0,https://www.shl.com/products/product-catalog/view/enterprise-leadership-report/,,,True,False,['P']
Enterprise Leadership Report 2.0,https://www.shl.com/products/product-catalog/view/enterprise-leadership-report-2-0/,,,True,False,['P']
Entry Level Cashier Solution,https://www.shl.com/products/product-catalog/view/entry-level-cashier-solution/,,,True,False,"['C', 'P']"
Entry Level Customer Serv-Retail & Contact Center,https://www.shl.com/products/product-catalog/view/entry-level-customer-serv-retail-and-contact-center/,,,True,False,"['P', 'C']"
Entry Level Customer Service (General) Solution,https://www.shl.com/products/product-catalog/view/entry-level-customer-service-general-solution/,,,True,False,"['C', 'P']"
Entry Level Hotel Front Desk Solution,https://www.shl.com/products/product-catalog/view/entry-level-hotel-front-desk-solution/,,,True,False,"['C', 'P']"
Entry Level Sales Solution,https://www.shl.com/products/product-catalog/view/entry-level-sales-solution/,,,True,False,"['C', 'P']"
Entry Level Technical Support Solution,https://www.shl.com/products/product-catalog/view/entry-level-technical-support-solution/,,,True,False,"['P', 'C']"
ETL Testing (New),https://www.shl.com/products/product-catalog/view/etl-testing-new/,,,True,False,['K']
Executive Scenarios,https://www.shl.com/products/product-catalog/view/executive-scenarios/,,,True,False,['B']
Executive Scenarios Narrative Report,https://www.shl.com/products/product-catalog/view/executive-scenarios-narrative-report/,,,True,False,['B']
Enterprise Java Beans (New),https://www.shl.com/products/product-catalog/view/enterprise-java-beans-new/,,,True,False,['K']
Enterprise Leadership Report 1.0,https://www.shl.com/products/product-catalog/view/enterprise-leadership-report/,,,True,False,['P']
Enterprise Leadership Report 2.0,https://www.shl.com/products/product-catalog/view/enterprise-leadership-report-2-0/,,,True,False,['P']
Entry Level Cashier Solution,https://www.shl.com/products/product-catalog/view/entry-level-cashier-solution/,,,True,False,"['C', 'P']"
Entry Level Customer Serv-Retail & Contact Center,https://www.shl.com/products/product-catalog/view/entry-level-customer-serv-retail-and-contact-center/,,,True,False,"['P', 'C']"
Entry Level Customer Service (General) Solution,https://www.shl.com/products/product-catalog/view/entry-level-customer-service-general-solution/,,,True,False,"['C', 'P']"
Entry Level Hotel Front Desk Solution,https://www.shl.com/products/product-catalog/view/entry-level-hotel-front-desk-solution/,,,True,False,"['C', 'P']"
Entry Level Sales Solution,https://www.shl.com/products/product-catalog/view/entry-level-sales-solution/,,,True,False,"['C', 'P']"
Entry Level Technical Support Solution,https://www.shl.com/products/product-catalog/view/entry-level-technical-support-solution/,,,True,False,"['P', 'C']"
ETL Testing (New),https://www.shl.com/products/product-catalog/view/etl-testing-new/,,,True,False,['K']
Executive Scenarios,https://www.shl.com/products/product-catalog/view/executive-scenarios/,,,True,False,['B']
Executive Scenarios Narrative Report,https://www.shl.com/products/product-catalog/view/executive-scenarios-narrative-report/,,,True,False,['B']
Enterprise Java Beans (New),https://www.shl.com/products/product-catalog/view/enterprise-java-beans-new/,,,True,False,['K']
Enterprise Leadership Report 1.0,https://www.shl.com/products/product-catalog/view/enterprise-leadership-report/,,,True,False,['P']
Enterprise Leadership Report 2.0,https://www.shl.com/products/product-catalog/view/enterprise-leadership-report-2-0/,,,True,False,['P']
Entry Level Cashier Solution,https://www.shl.com/products/product-catalog/view/entry-level-cashier-solution/,,,True,False,"['C', 'P']"
Entry Level Customer Serv-Retail & Contact Center,https://www.shl.com/products/product-catalog/view/entry-level-customer-serv-retail-and-contact-center/,,,True,False,"['P', 'C']"
Entry Level Customer Service (General) Solution,https://www.shl.com/products/product-catalog/view/entry-level-customer-service-general-solution/,,,True,False,"['C', 'P']"
Entry Level Hotel Front Desk Solution,https://www.shl.com/products/product-catalog/view/entry-level-hotel-front-desk-solution/,,,True,False,"['C', 'P']"
Entry Level Sales Solution,https://www.shl.com/products/product-catalog/view/entry-level-sales-solution/,,,True,False,"['C', 'P']"
Entry Level Technical Support Solution,https://www.shl.com/products/product-catalog/view/entry-level-technical-support-solution/,,,True,False,"['P', 'C']"
ETL Testing (New),https://www.shl.com/products/product-catalog/view/etl-testing-new/,,,True,False,['K']
Executive Scenarios,https://www.shl.com/products/product-catalog/view/executive-scenarios/,,,True,False,['B']
Executive Scenarios Narrative Report,https://www.shl.com/products/product-catalog/view/executive-scenarios-narrative-report/,,,True,False,['B']
Enterprise Java Beans (New),https://www.shl.com/products/product-catalog/view/enterprise-java-beans-new/,,,True,False,['K']
Enterprise Leadership Report 1.0,https://www.shl.com/products/product-catalog/view/enterprise-leadership-report/,,,True,False,['P']
Enterprise Leadership Report 2.0,https://www.shl.com/products/product-catalog/view/enterprise-leadership-report-2-0/,,,True,False,['P']
Entry Level Cashier Solution,https://www.shl.com/products/product-catalog/view/entry-level-cashier-solution/,,,True,False,"['C', 'P']"
Entry Level Customer Serv-Retail & Contact Center,https://www.shl.com/products/product-catalog/view/entry-level-customer-serv-retail-and-contact-center/,,,True,False,"['P', 'C']"
Entry Level Customer Service (General) Solution,https://www.shl.com/products/product-catalog/view/entry-level-customer-service-general-solution/,,,True,False,"['C', 'P']"
Entry Level Hotel Front Desk Solution,https://www.shl.com/products/product-catalog/view/entry-level-hotel-front-desk-solution/,,,True,False,"['C', 'P']"
Entry Level Sales Solution,https://www.shl.com/products/product-catalog/view/entry-level-sales-solution/,,,True,False,"['C', 'P']"
Entry Level Technical Support Solution,https://www.shl.com/products/product-catalog/view/entry-level-technical-support-solution/,,,True,False,"['P', 'C']"
ETL Testing (New),https://www.shl.com/products/product-catalog/view/etl-testing-new/,,,True,False,['K']
Executive Scenarios,https://www.shl.com/products/product-catalog/view/executive-scenarios/,,,True,False,['B']
Executive Scenarios Narrative Report,https://www.shl.com/products/product-catalog/view/executive-scenarios-narrative-report/,,,True,False,['B']
Jenkins (New),https://www.shl.com/products/product-catalog/view/jenkins-new/,,,True,False,['K']
Job Control Language (New),https://www.shl.com/products/product-catalog/view/job-control-language-new/,,,True,False,['K']
jQuery (New),https://www.shl.com/products/product-catalog/view/jquery-new/,,,True,False,['K']
Kubernetes (New),https://www.shl.com/products/product-catalog/view/kubernetes-new/,,,True,False,['K']
Linux Administration (New),https://www.shl.com/products/product-catalog/view/linux-administration-new/,,,True,False,['K']
Linux Operating System,https://www.shl.com/products/product-catalog/view/linux-operating-system/,,,True,False,['K']
Linux Programming (General),https://www.shl.com/products/product-catalog/view/linux-programming-general/,,,True,True,['K']
Load Runner (New),https://www.shl.com/products/product-catalog/view/load-runner-new/,,,True,False,['K']
Management Scenarios,https://www.shl.com/products/product-catalog/view/management-scenarios/,,,True,False,['B']
Managerial Scenarios Candidate Report,https://www.shl.com/products/product-catalog/view/managerial-scenarios-candidate-report/,,,True,False,['B']
Managerial Scenarios Narrative Report,https://www.shl.com/products/product-catalog/view/managerial-scenarios-narrative-report/,,,True,False,['B']
Managerial Scenarios Profile Report,https://www.shl.com/products/product-catalog/view/managerial-scenarios-profile-report/,,,True,False,['B']
Jenkins (New),https://www.shl.com/products/product-catalog/view/jenkins-new/,,,True,False,['K']
Job Control Language (New),https://www.shl.com/products/product-catalog/view/job-control-language-new/,,,True,False,['K']
jQuery (New),https://www.shl.com/products/product-catalog/view/jquery-new/,,,True,False,['K']
Kubernetes (New),https://www.shl.com/products/product-catalog/view/kubernetes-new/,,,True,False,['K']
Linux Administration (New),https://www.shl.com/products/product-catalog/view/linux-administration-new/,,,True,False,['K']
Linux Operating System,https://www.shl.com/products/product-catalog/view/linux-operating-system/,,,True,False,['K']
Linux Programming (General),https://www.shl.com/products/product-catalog/view/linux-programming-general/,,,True,True,['K']
Load Runner (New),https://www.shl.com/products/product-catalog/view/load-runner-new/,,,True,False,['K']
Management Scenarios,https://www.shl.com/products/product-catalog/view/management-scenarios/,,,True,False,['B']
Managerial Scenarios Candidate Report,https://www.shl.com/products/product-catalog/view/managerial-scenarios-candidate-report/,,,True,False,['B']
Managerial Scenarios Narrative Report,https://www.shl.com/products/product-catalog/view/managerial-scenarios-narrative-report/,,,True,False,['B']
Managerial Scenarios Profile Report,https://www.shl.com/products/product-catalog/view/managerial-scenarios-profile-report/,,,True,False,['B']
MFS 360 Enterprise Leadership Report,https://www.shl.com/products/product-catalog/view/mfs-360-enterprise-leadership-report/,,,True,False,['D']
MFS 360 UCF Group Report,https://www.shl.com/products/product-catalog/view/mfs-360-ucf-group-report/,,,True,False,['D']
MFS 360 UCF Performance Potential Dev Tips Report,https://www.shl.com/products/product-catalog/view/mfs-360-ucf-performance-potential-dev-tips-report/,,,True,False,['D']
MFS 360 UCF Standard Report,https://www.shl.com/products/product-catalog/view/mfs-360-ucf-standard-report/,,,True,False,['D']
Micro Focus Unified Functional Testing (New),https://www.shl.com/products/product-catalog/view/micro-focus-unified-functional-testing-new/,,,True,False,['K']
Microservices (New),https://www.shl.com/products/product-catalog/view/microservices-new/,,,True,False,['K']
Microsoft Dynamics Development (New),https://www.shl.com/products/product-catalog/view/microsoft-dynamics-development-new/,,,True,False,['K']
Microsoft Excel 365 - Essentials (New),https://www.shl.com/products/product-catalog/view/microsoft-excel-365-essentials-new/,,,True,False,"['K', 'S']"
Microsoft Excel 365 (New),https://www.shl.com/products/product-catalog/view/microsoft-excel-365-new/,,,True,False,"['K', 'S']"
Microsoft Outlook 2013 (adaptive),https://www.shl.com/products/product-catalog/view/microsoft-outlook-2013-adaptive/,,,True,True,['K']
Microsoft PowerPoint 365 - Essentials (New),https://www.shl.com/products/product-catalog/view/microsoft-powerpoint-365-essentials-new/,,,True,False,"['K', 'S']"
Microsoft SQL Server 2014 Programming,https://www.shl.com/products/product-catalog/view/microsoft-sql-server-2014-programming/,,,True,True,['K']
Microsoft Windows Server 2012 Administration,https://www.shl.com/products/product-catalog/view/microsoft-windows-server-2012-administration/,,,True,True,['K']
Microsoft Word 365 - Essentials (New),https://www.shl.com/products/product-catalog/view/microsoft-word-365-essentials-new/,,,True,False,"['K', 'S']"
Microsoft Word 365 (New),https://www.shl.com/products/product-catalog/view/microsoft-word-365-new/,,,True,False,"['S', 'K']"
Mineral Engineering (New),https://www.shl.com/products/product-catalog/view/mineral-engineering-new/,,,True,False,['K']
Mining Engineering (New),https://www.shl.com/products/product-catalog/view/mining-engineering-new/,,,True,False,['K']
Mobility (New),https://www.shl.com/products/product-catalog/view/mobility-new/,,,True,False,['K']
Molecular Biology (New),https://www.shl.com/products/product-catalog/view/molecular-biology-new/,,,True,False,['K']
MongoDB (New),https://www.shl.com/products/product-catalog/view/mongodb-new/,,,True,False,['K']
Motivation Questionnaire MQM5,https://www.shl.com/products/product-catalog/view/motivation-questionnaire-mqm5/,,,True,False,['P']
MQ Candidate Motivation Report,https://www.shl.com/products/product-catalog/view/mq-candidate-motivation-report/,,,True,False,['P']
MQ Employee Motivation Report,https://www.shl.com/products/product-catalog/view/mq-employee-motivation-report/,,,True,False,['P']
MQ Motivation Report Pack,https://www.shl.com/products/product-catalog/view/mq-motivation-report-pack/,,,True,False,['P']
Microsoft Windows Server 2012 Administration,https://www.shl.com/products/product-catalog/view/microsoft-windows-server-2012-administration/,,,True,True,['K']
Microsoft Word 365 - Essentials (New),https://www.shl.com/products/product-catalog/view/microsoft-word-365-essentials-new/,,,True,False,"['K', 'S']"
Microsoft Word 365 (New),https://www.shl.com/products/product-catalog/view/microsoft-word-365-new/,,,True,False,"['S', 'K']"
Mineral Engineering (New),https://www.shl.com/products/product-catalog/view/mineral-engineering-new/,,,True,False,['K']
Mining Engineering (New),https://www.shl.com/products/product-catalog/view/mining-engineering-new/,,,True,False,['K']
Mobility (New),https://www.shl.com/products/product-catalog/view/mobility-new/,,,True,False,['K']
Molecular Biology (New),https://www.shl.com/products/product-catalog/view/molecular-biology-new/,,,True,False,['K']
MongoDB (New),https://www.shl.com/products/product-catalog/view/mongodb-new/,,,True,False,['K']
Motivation Questionnaire MQM5,https://www.shl.com/products/product-catalog/view/motivation-questionnaire-mqm5/,,,True,False,['P']
MQ Candidate Motivation Report,https://www.shl.com/products/product-catalog/view/mq-candidate-motivation-report/,,,True,False,['P']
MQ Employee Motivation Report,https://www.shl.com/products/product-catalog/view/mq-employee-motivation-report/,,,True,False,['P']
MQ Motivation Report Pack,https://www.shl.com/products/product-catalog/view/mq-motivation-report-pack/,,,True,False,['P']
Microsoft Windows Server 2012 Administration,https://www.shl.com/products/product-catalog/view/microsoft-windows-server-2012-administration/,,,True,True,['K']
Microsoft Word 365 - Essentials (New),https://www.shl.com/products/product-catalog/view/microsoft-word-365-essentials-new/,,,True,False,"['K', 'S']"
Microsoft Word 365 (New),https://www.shl.com/products/product-catalog/view/microsoft-word-365-new/,,,True,False,"['S', 'K']"
Mineral Engineering (New),https://www.shl.com/products/product-catalog/view/mineral-engineering-new/,,,True,False,['K']
Mining Engineering (New),https://www.shl.com/products/product-catalog/view/mining-engineering-new/,,,True,False,['K']
Mobility (New),https://www.shl.com/products/product-catalog/view/mobility-new/,,,True,False,['K']
Molecular Biology (New),https://www.shl.com/products/product-catalog/view/molecular-biology-new/,,,True,False,['K']
MongoDB (New),https://www.shl.com/products/product-catalog/view/mongodb-new/,,,True,False,['K']
Motivation Questionnaire MQM5,https://www.shl.com/products/product-catalog/view/motivation-questionnaire-mqm5/,,,True,False,['P']
MQ Candidate Motivation Report,https://www.shl.com/products/product-catalog/view/mq-candidate-motivation-report/,,,True,False,['P']
MQ Employee Motivation Report,https://www.shl.com/products/product-catalog/view/mq-employee-motivation-report/,,,True,False,['P']
MQ Motivation Report Pack,https://www.shl.com/products/product-catalog/view/mq-motivation-report-pack/,,,True,False,['P']
Microsoft Windows Server 2012 Administration,https://www.shl.com/products/product-catalog/view/microsoft-windows-server-2012-administration/,,,True,True,['K']
Microsoft Word 365 - Essentials (New),https://www.shl.com/products/product-catalog/view/microsoft-word-365-essentials-new/,,,True,False,"['K', 'S']"
Microsoft Word 365 (New),https://www.shl.com/products/product-catalog/view/microsoft-word-365-new/,,,True,False,"['S', 'K']"
Mineral Engineering (New),https://www.shl.com/products/product-catalog/view/mineral-engineering-new/,,,True,False,['K']
Mining Engineering (New),https://www.shl.com/products/product-catalog/view/mining-engineering-new/,,,True,False,['K']
Mobility (New),https://www.shl.com/products/product-catalog/view/mobility-new/,,,True,False,['K']
Molecular Biology (New),https://www.shl.com/products/product-catalog/view/molecular-biology-new/,,,True,False,['K']
MongoDB (New),https://www.shl.com/products/product-catalog/view/mongodb-new/,,,True,False,['K']
Motivation Questionnaire MQM5,https://www.shl.com/products/product-catalog/view/motivation-questionnaire-mqm5/,,,True,False,['P']
MQ Candidate Motivation Report,https://www.shl.com/products/product-catalog/view/mq-candidate-motivation-report/,,,True,False,['P']
MQ Employee Motivation Report,https://www.shl.com/products/product-catalog/view/mq-employee-motivation-report/,,,True,False,['P']
MQ Motivation Report Pack,https://www.shl.com/products/product-catalog/view/mq-motivation-report-pack/,,,True,False,['P']
Oracle DBA (Advanced Level) (New),https://www.shl.com/products/product-catalog/view/oracle-dba-advanced-level-new/,,,True,False,['K']
Oracle DBA (Entry Level) (New),https://www.shl.com/products/product-catalog/view/oracle-dba-entry-level-new/,,,True,False,['K']
Oracle PL/SQL (New),https://www.shl.com/products/product-catalog/view/oracle-plsql-new/,,,True,False,['K']
Oracle WebLogic Server (New),https://www.shl.com/products/product-catalog/view/oracle-weblogic-server-new/,,,True,False,['K']
Organic Chemistry (New),https://www.shl.com/products/product-catalog/view/organic-chemistry-new/,,,True,False,['K']
Paint Technology (New),https://www.shl.com/products/product-catalog/view/paint-technology-new/,,,True,False,['K']
Pediatrics (New),https://www.shl.com/products/product-catalog/view/pediatrics-new/,,,True,False,['K']
Pega Development (New),https://www.shl.com/products/product-catalog/view/pega-development-new/,,,True,False,['K']
Perl (New),https://www.shl.com/products/product-catalog/view/perl-new/,,,True,False,['K']
Petrochemical Engineering (New),https://www.shl.com/products/product-catalog/view/petrochemical-engineering-new/,,,True,False,['K']
Petroleum Engineering (New),https://www.shl.com/products/product-catalog/view/petroleum-engineering-new/,,,True,False,['K']
Pharmaceutical Analysis (New),https://www.shl.com/products/product-catalog/view/pharmaceutical-analysis-new/,,,True,False,['K']
Oracle DBA (Advanced Level) (New),https://www.shl.com/products/product-catalog/view/oracle-dba-advanced-level-new/,,,True,False,['K']
Oracle DBA (Entry Level) (New),https://www.shl.com/products/product-catalog/view/oracle-dba-entry-level-new/,,,True,False,['K']
Oracle PL/SQL (New),https://www.shl.com/products/product-catalog/view/oracle-plsql-new/,,,True,False,['K']
Oracle WebLogic Server (New),https://www.shl.com/products/product-catalog/view/oracle-weblogic-server-new/,,,True,False,['K']
Organic Chemistry (New),https://www.shl.com/products/product-catalog/view/organic-chemistry-new/,,,True,False,['K']
Paint Technology (New),https://www.shl.com/products/product-catalog/view/paint-technology-new/,,,True,False,['K']
Pediatrics (New),https://www.shl.com/products/product-catalog/view/pediatrics-new/,,,True,False,['K']
Pega Development (New),https://www.shl.com/products/product-catalog/view/pega-development-new/,,,True,False,['K']
Perl (New),https://www.shl.com/products/product-catalog/view/perl-new/,,,True,False,['K']
Petrochemical Engineering (New),https://www.shl.com/products/product-catalog/view/petrochemical-engineering-new/,,,True,False,['K']
Petroleum Engineering (New),https://www.shl.com/products/product-catalog/view/petroleum-engineering-new/,,,True,False,['K']
Pharmaceutical Analysis (New),https://www.shl.com/products/product-catalog/view/pharmaceutical-analysis-new/,,,True,False,['K']
Oracle DBA (Advanced Level) (New),https://www.shl.com/products/product-catalog/view/oracle-dba-advanced-level-new/,,,True,False,['K']
Oracle DBA (Entry Level) (New),https://www.shl.com/products/product-catalog/view/oracle-dba-entry-level-new/,,,True,False,['K']
Oracle PL/SQL (New),https://www.shl.com/products/product-catalog/view/oracle-plsql-new/,,,True,False,['K']
Oracle WebLogic Server (New),https://www.shl.com/products/product-catalog/view/oracle-weblogic-server-new/,,,True,False,['K']
Organic Chemistry (New),https://www.shl.com/products/product-catalog/view/organic-chemistry-new/,,,True,False,['K']
Paint Technology (New),https://www.shl.com/products/product-catalog/view/paint-technology-new/,,,True,False,['K']
Pediatrics (New),https://www.shl.com/products/product-catalog/view/pediatrics-new/,,,True,False,['K']
Pega Development (New),https://www.shl.com/products/product-catalog/view/pega-development-new/,,,True,False,['K']
Perl (New),https://www.shl.com/products/product-catalog/view/perl-new/,,,True,False,['K']
Petrochemical Engineering (New),https://www.shl.com/products/product-catalog/view/petrochemical-engineering-new/,,,True,False,['K']
Petroleum Engineering (New),https://www.shl.com/products/product-catalog/view/petroleum-engineering-new/,,,True,False,['K']
Pharmaceutical Analysis (New),https://www.shl.com/products/product-catalog/view/pharmaceutical-analysis-new/,,,True,False,['K']
RemoteWorkQ Participant Report,https://www.shl.com/products/product-catalog/view/remoteworkq-participant-report/,,,True,False,['C']
RESTful Web Services (New),https://www.shl.com/products/product-catalog/view/restful-web-services-new/,,,True,False,['K']
Retail Sales and Service Simulation,https://www.shl.com/products/product-catalog/view/retail-sales-and-service-simulation/,,,True,False,"['B', 'K', 'S', 'A']"
Reviewing Forms - US (R1),https://www.shl.com/products/product-catalog/view/reviewing-forms-us-r1/,,,True,False,['K']
Ruby (New),https://www.shl.com/products/product-catalog/view/ruby-new/,,,True,False,['K']
Ruby on Rails (New),https://www.shl.com/products/product-catalog/view/ruby-on-rails-new/,,,True,False,['K']
Sales & Service Phone Simulation,https://www.shl.com/products/product-catalog/view/sales-and-service-phone-simulation/,,,True,False,"['S', 'B']"
Sales & Service Phone Solution,https://www.shl.com/products/product-catalog/view/sales-and-service-phone-solution/,,,True,False,"['B', 'P', 'S']"
Sales Interview Guide,https://www.shl.com/products/product-catalog/view/sales-interview-guide/,,,True,False,"['P', 'P']"
Sales Profiler Cards,https://www.shl.com/products/product-catalog/view/sales-profiler-cards/,,,True,False,['P']
Sales Transformation 1.0 - Individual Contributor,https://www.shl.com/products/product-catalog/view/sales-transformation-report-individual-contributor/,,,True,False,['P']
Sales Transformation 2.0 - Individual Contributor,https://www.shl.com/products/product-catalog/view/salestransformationreport2-0-individualcontributor/,,,True,False,['P']
Sales Transformation Report 1.0 - Sales Manager,https://www.shl.com/products/product-catalog/view/sales-transformation-report-sales-manager/,,,True,False,['P']
Sales Transformation Report 2.0 - Sales Manager,https://www.shl.com/products/product-catalog/view/sales-transformation-report-2-0-sales-manager/,,,True,False,['P']
Salesforce Development (New),https://www.shl.com/products/product-catalog/view/salesforce-development-new/,,,True,False,['K']
SAP ABAP (Advanced Level) (New),https://www.shl.com/products/product-catalog/view/sap-abap-advanced-level-new/,,,True,False,['K']
SAP ABAP (Intermediate Level) (New),https://www.shl.com/products/product-catalog/view/sap-abap-intermediate-level-new/,,,True,False,['K']
SAP Basis (New),https://www.shl.com/products/product-catalog/view/sap-basis-new/,,,True,False,['K']
SAP Business Objects WebI (New),https://www.shl.com/products/product-catalog/view/sap-business-objects-webi-new/,,,True,False,['K']
SAP BW (Business Warehouse) (New),https://www.shl.com/products/product-catalog/view/sap-bw-business-warehouse-new/,,,True,False,['K']
SAP HCM (Human Capital Management) (New),https://www.shl.com/products/product-catalog/view/sap-hcm-human-capital-management-new/,,,True,False,['K']
SAP Hybris (New),https://www.shl.com/products/product-catalog/view/sap-hybris-new/,,,True,False,['K']
SAP Materials Management (New),https://www.shl.com/products/product-catalog/view/sap-materials-management-new/,,,True,False,['K']
SAP SD (Sales and Distribution) (New),https://www.shl.com/products/product-catalog/view/sap-sd-sales-and-distribution-new/,,,True,False,['K']
Sales Transformation Report 1.0 - Sales Manager,https://www.shl.com/products/product-catalog/view/sales-transformation-report-sales-manager/,,,True,False,['P']
Sales Transformation Report 2.0 - Sales Manager,https://www.shl.com/products/product-catalog/view/sales-transformation-report-2-0-sales-manager/,,,True,False,['P']
Salesforce Development (New),https://www.shl.com/products/product-catalog/view/salesforce-development-new/,,,True,False,['K']
SAP ABAP (Advanced Level) (New),https://www.shl.com/products/product-catalog/view/sap-abap-advanced-level-new/,,,True,False,['K']
SAP ABAP (Intermediate Level) (New),https://www.shl.com/products/product-catalog/view/sap-abap-intermediate-level-new/,,,True,False,['K']
SAP Basis (New),https://www.shl.com/products/product-catalog/view/sap-basis-new/,,,True,False,['K']
SAP Business Objects WebI (New),https://www.shl.com/products/product-catalog/view/sap-business-objects-webi-new/,,,True,False,['K']
SAP BW (Business Warehouse) (New),https://www.shl.com/products/product-catalog/view/sap-bw-business-warehouse-new/,,,True,False,['K']
SAP HCM (Human Capital Management) (New),https://www.shl.com/products/product-catalog/view/sap-hcm-human-capital-management-new/,,,True,False,['K']
SAP Hybris (New),https://www.shl.com/products/product-catalog/view/sap-hybris-new/,,,True,False,['K']
SAP Materials Management (New),https://www.shl.com/products/product-catalog/view/sap-materials-management-new/,,,True,False,['K']
SAP SD (Sales and Distribution) (New),https://www.shl.com/products/product-catalog/view/sap-sd-sales-and-distribution-new/,,,True,False,['K']
Social Media (New),https://www.shl.com/products/product-catalog/view/social-media-new/,,,True,False,['K']
Software Business Analysis,https://www.shl.com/products/product-catalog/view/software-business-analysis/,,,True,True,['K']
SonarQube (New),https://www.shl.com/products/product-catalog/view/sonarqube-new/,,,True,False,['K']
Spelling (U.S.) (New),https://www.shl.com/products/product-catalog/view/spelling-u-s-new/,,,True,False,['K']
Split Screen Typing Test - Form 1,https://www.shl.com/products/product-catalog/view/split-screen-typing-test-form-1/,,,True,False,"['A', 'K']"
Spring (New),https://www.shl.com/products/product-catalog/view/spring-new/,,,True,False,['K']
SQL (New),https://www.shl.com/products/product-catalog/view/sql-new/,,,True,False,['K']
SQL Server (New),https://www.shl.com/products/product-catalog/view/sql-server-new/,,,True,False,['K']
SQL Server Analysis Services (SSAS) (New),https://www.shl.com/products/product-catalog/view/sql-server-analysis-services-%28ssas%29-%28new%29/,,,True,False,['K']
SQL Server Integration Services (SSIS) (New),https://www.shl.com/products/product-catalog/view/sql-server-integration-services-ssis-new/,,,True,False,['K']
SQL Server Reporting Services (SSRS) (New),https://www.shl.com/products/product-catalog/view/sql-server-reporting-services-ssrs-new/,,,True,False,['K']
Statistical Analysis System (New),https://www.shl.com/products/product-catalog/view/statistical-analysis-system-new/,,,True,False,['K']
Social Media (New),https://www.shl.com/products/product-catalog/view/social-media-new/,,,True,False,['K']
Software Business Analysis,https://www.shl.com/products/product-catalog/view/software-business-analysis/,,,True,True,['K']
SonarQube (New),https://www.shl.com/products/product-catalog/view/sonarqube-new/,,,True,False,['K']
Spelling (U.S.) (New),https://www.shl.com/products/product-catalog/view/spelling-u-s-new/,,,True,False,['K']
Split Screen Typing Test - Form 1,https://www.shl.com/products/product-catalog/view/split-screen-typing-test-form-1/,,,True,False,"['A', 'K']"
Spring (New),https://www.shl.com/products/product-catalog/view/spring-new/,,,True,False,['K']
SQL (New),https://www.shl.com/products/product-catalog/view/sql-new/,,,True,False,['K']
SQL Server (New),https://www.shl.com/products/product-catalog/view/sql-server-new/,,,True,False,['K']
SQL Server Analysis Services (SSAS) (New),https://www.shl.com/products/product-catalog/view/sql-server-analysis-services-%28ssas%29-%28new%29/,,,True,False,['K']
SQL Server Integration Services (SSIS) (New),https://www.shl.com/products/product-catalog/view/sql-server-integration-services-ssis-new/,,,True,False,['K']
SQL Server Reporting Services (SSRS) (New),https://www.shl.com/products/product-catalog/view/sql-server-reporting-services-ssrs-new/,,,True,False,['K']
Statistical Analysis System (New),https://www.shl.com/products/product-catalog/view/statistical-analysis-system-new/,,,True,False,['K']
Social Media (New),https://www.shl.com/products/product-catalog/view/social-media-new/,,,True,False,['K']
Software Business Analysis,https://www.shl.com/products/product-catalog/view/software-business-analysis/,,,True,True,['K']
SonarQube (New),https://www.shl.com/products/product-catalog/view/sonarqube-new/,,,True,False,['K']
Spelling (U.S.) (New),https://www.shl.com/products/product-catalog/view/spelling-u-s-new/,,,True,False,['K']
Split Screen Typing Test - Form 1,https://www.shl.com/products/product-catalog/view/split-screen-typing-test-form-1/,,,True,False,"['A', 'K']"
Spring (New),https://www.shl.com/products/product-catalog/view/spring-new/,,,True,False,['K']
SQL (New),https://www.shl.com/products/product-catalog/view/sql-new/,,,True,False,['K']
SQL Server (New),https://www.shl.com/products/product-catalog/view/sql-server-new/,,,True,False,['K']
SQL Server Analysis Services (SSAS) (New),https://www.shl.com/products/product-catalog/view/sql-server-analysis-services-%28ssas%29-%28new%29/,,,True,False,['K']
SQL Server Integration Services (SSIS) (New),https://www.shl.com/products/product-catalog/view/sql-server-integration-services-ssis-new/,,,True,False,['K']
SQL Server Reporting Services (SSRS) (New),https://www.shl.com/products/product-catalog/view/sql-server-reporting-services-ssrs-new/,,,True,False,['K']
Statistical Analysis System (New),https://www.shl.com/products/product-catalog/view/statistical-analysis-system-new/,,,True,False,['K']
Verify - G+,https://www.shl.com/products/product-catalog/view/verify-g/,,,True,True,['A']
Verify - General Ability Screen,https://www.shl.com/products/product-catalog/view/verify-general-ability-screen/,,,True,True,['A']
Verify - Inductive Reasoning (2014),https://www.shl.com/products/product-catalog/view/verify-inductive-reasoning-2014/,,,True,True,['A']
Verify - Numerical Ability,https://www.shl.com/products/product-catalog/view/verify-numerical-ability/,,,True,True,['A']
Verify - Technical Checking - Next Generation,https://www.shl.com/products/product-catalog/view/verify-technical-checking-next-generation/,,,True,False,['A']
Verify - Verbal Ability - Next Generation,https://www.shl.com/products/product-catalog/view/verify-verbal-ability-next-generation/,,,True,True,['A']
Verify - Working with Information,https://www.shl.com/products/product-catalog/view/verify-working-with-information/,,,True,False,['A']
Verify G+ - Ability Test Report,https://www.shl.com/products/product-catalog/view/verify-g-ability-test-report/,,,True,False,['A']
Verify G+ - Candidate Report,https://www.shl.com/products/product-catalog/view/verify-g-candidate-report/,,,True,False,['A']
Verify Interactive Ability Report,https://www.shl.com/products/product-catalog/view/verify-interactive-ability-report/,,,True,False,['A']
Verify Interactive G+ Candidate Report,https://www.shl.com/products/product-catalog/view/verify-interactive-g-candidate-report/,,,True,False,['A']
Verify Interactive G+ Report,https://www.shl.com/products/product-catalog/view/verify-interactive-g-report/,,,True,False,['A']
Verify - G+,https://www.shl.com/products/product-catalog/view/verify-g/,,,True,True,['A']
Verify - General Ability Screen,https://www.shl.com/products/product-catalog/view/verify-general-ability-screen/,,,True,True,['A']
Verify - Inductive Reasoning (2014),https://www.shl.com/products/product-catalog/view/verify-inductive-reasoning-2014/,,,True,True,['A']
Verify - Numerical Ability,https://www.shl.com/products/product-catalog/view/verify-numerical-ability/,,,True,True,['A']
Verify - Technical Checking - Next Generation,https://www.shl.com/products/product-catalog/view/verify-technical-checking-next-generation/,,,True,False,['A']
Verify - Verbal Ability - Next Generation,https://www.shl.com/products/product-catalog/view/verify-verbal-ability-next-generation/,,,True,True,['A']
Verify - Working with Information,https://www.shl.com/products/product-catalog/view/verify-working-with-information/,,,True,False,['A']
Verify G+ - Ability Test Report,https://www.shl.com/products/product-catalog/view/verify-g-ability-test-report/,,,True,False,['A']
Verify G+ - Candidate Report,https://www.shl.com/products/product-catalog/view/verify-g-candidate-report/,,,True,False,['A']
Verify Interactive Ability Report,https://www.shl.com/products/product-catalog/view/verify-interactive-ability-report/,,,True,False,['A']
Verify Interactive G+ Candidate Report,https://www.shl.com/products/product-catalog/view/verify-interactive-g-candidate-report/,,,True,False,['A']
Verify Interactive G+ Report,https://www.shl.com/products/product-catalog/view/verify-interactive-g-report/,,,True,False,['A']
Verify - G+,https://www.shl.com/products/product-catalog/view/verify-g/,,,True,True,['A']
Verify - General Ability Screen,https://www.shl.com/products/product-catalog/view/verify-general-ability-screen/,,,True,True,['A']
Verify - Inductive Reasoning (2014),https://www.shl.com/products/product-catalog/view/verify-inductive-reasoning-2014/,,,True,True,['A']
Verify - Numerical Ability,https://www.shl.com/products/product-catalog/view/verify-numerical-ability/,,,True,True,['A']
Verify - Technical Checking - Next Generation,https://www.shl.com/products/product-catalog/view/verify-technical-checking-next-generation/,,,True,False,['A']
Verify - Verbal Ability - Next Generation,https://www.shl.com/products/product-catalog/view/verify-verbal-ability-next-generation/,,,True,True,['A']
Verify - Working with Information,https://www.shl.com/products/product-catalog/view/verify-working-with-information/,,,True,False,['A']
Verify G+ - Ability Test Report,https://www.shl.com/products/product-catalog/view/verify-g-ability-test-report/,,,True,False,['A']
Verify G+ - Candidate Report,https://www.shl.com/products/product-catalog/view/verify-g-candidate-report/,,,True,False,['A']
Verify Interactive Ability Report,https://www.shl.com/products/product-catalog/view/verify-interactive-ability-report/,,,True,False,['A']
Verify Interactive G+ Candidate Report,https://www.shl.com/products/product-catalog/view/verify-interactive-g-candidate-report/,,,True,False,['A']
Verify Interactive G+ Report,https://www.shl.com/products/product-catalog/view/verify-interactive-g-report/,,,True,False,['A']
